{
  "NegativeElectrode": {
    "Coating": {
      "ActiveMaterial": {
        "Interface": {
          "guestStoichiometry100": 0.785861139069905,
          "guestStoichiometry0": 0
        }
      },
      "volumeFraction": 0.59931782199720085
    }
  },
  "PositiveElectrode": {
    "Coating": {
      "ActiveMaterial": {
        "Interface": {
          "guestStoichiometry100": 0.12824835148826472,
          "guestStoichiometry0": 0.88424740387462875
        }
      },
      "volumeFraction": 0.67335837876365312
    }
  }
}